insert into TAG(TAG_ID, TAG_NAME) values(1, 'Soft Rock')
insert into TAG(TAG_ID, TAG_NAME) values(2, 'Hard Rock')
insert into TAG(TAG_ID, TAG_NAME) values(3, 'Rock')
insert into TAG(TAG_ID, TAG_NAME) values(4, 'Alternative')
insert into TAG(TAG_ID, TAG_NAME) values(5, 'Pop')
insert into TAG(TAG_ID, TAG_NAME) values(6, 'Blues')
insert into TAG(TAG_ID, TAG_NAME) values(7, 'Classical')
insert into TAG(TAG_ID, TAG_NAME) values(8, 'EDM')
insert into TAG(TAG_ID, TAG_NAME) values(9, 'Techno')
insert into TAG(TAG_ID, TAG_NAME) values(10, 'Trance')
insert into TAG(TAG_ID, TAG_NAME) values(11, 'Electronic')
insert into TAG(TAG_ID, TAG_NAME) values(12, 'Progressive')
insert into TAG(TAG_ID, TAG_NAME) values(13, 'Down Tempo')
insert into TAG(TAG_ID, TAG_NAME) values(14, 'Hip Hop')
insert into TAG(TAG_ID, TAG_NAME) values(15, 'Rap')
insert into TAG(TAG_ID, TAG_NAME) values(16, 'European')
insert into TAG(TAG_ID, TAG_NAME) values(17, 'Arabic')




insert into PLAYLIST(PLAYLIST_ID, NO_OF_VIEWS, PLAYLIST_NAME) values(1,2,'Playlist A')
insert into PLAYLIST(PLAYLIST_ID, NO_OF_VIEWS, PLAYLIST_NAME) values(2,1,'Playlist B')
insert into PLAYLIST(PLAYLIST_ID, NO_OF_VIEWS, PLAYLIST_NAME) values(3,6,'Playlist C')
insert into PLAYLIST(PLAYLIST_ID, NO_OF_VIEWS, PLAYLIST_NAME) values(4,9,'Playlist D')
insert into PLAYLIST(PLAYLIST_ID, NO_OF_VIEWS, PLAYLIST_NAME) values(5,5,'Playlist E')
insert into PLAYLIST(PLAYLIST_ID, NO_OF_VIEWS, PLAYLIST_NAME) values(6,4,'Playlist F')
insert into PLAYLIST(PLAYLIST_ID, NO_OF_VIEWS, PLAYLIST_NAME) values(7,3,'Playlist G')
insert into PLAYLIST(PLAYLIST_ID, NO_OF_VIEWS, PLAYLIST_NAME) values(8,7,'Playlist H')
insert into PLAYLIST(PLAYLIST_ID, NO_OF_VIEWS, PLAYLIST_NAME) values(9,8,'Playlist I')
insert into PLAYLIST(PLAYLIST_ID, NO_OF_VIEWS, PLAYLIST_NAME) values(10,15,'Playlist J')
insert into PLAYLIST(PLAYLIST_ID, NO_OF_VIEWS, PLAYLIST_NAME) values(11,0,'Playlist K')

insert into PLAYLIST_TAG(FK_PLAYLISTS, FK_TAG) values(1,2)
insert into PLAYLIST_TAG(FK_PLAYLISTS, FK_TAG) values(1,9)
insert into PLAYLIST_TAG(FK_PLAYLISTS, FK_TAG) values(2,2)
insert into PLAYLIST_TAG(FK_PLAYLISTS, FK_TAG) values(2,4)
insert into PLAYLIST_TAG(FK_PLAYLISTS, FK_TAG) values(3,5)
insert into PLAYLIST_TAG(FK_PLAYLISTS, FK_TAG) values(3,9)
insert into PLAYLIST_TAG(FK_PLAYLISTS, FK_TAG) values(4,7)
insert into PLAYLIST_TAG(FK_PLAYLISTS, FK_TAG) values(4,10)
insert into PLAYLIST_TAG(FK_PLAYLISTS, FK_TAG) values(5,2)
insert into PLAYLIST_TAG(FK_PLAYLISTS, FK_TAG) values(5,8)
insert into PLAYLIST_TAG(FK_PLAYLISTS, FK_TAG) values(6,1)
insert into PLAYLIST_TAG(FK_PLAYLISTS, FK_TAG) values(6,3)
insert into PLAYLIST_TAG(FK_PLAYLISTS, FK_TAG) values(7,3)
insert into PLAYLIST_TAG(FK_PLAYLISTS, FK_TAG) values(7,7)
insert into PLAYLIST_TAG(FK_PLAYLISTS, FK_TAG) values(8,17)
insert into PLAYLIST_TAG(FK_PLAYLISTS, FK_TAG) values(8,11)
insert into PLAYLIST_TAG(FK_PLAYLISTS, FK_TAG) values(9,12)
insert into PLAYLIST_TAG(FK_PLAYLISTS, FK_TAG) values(9,15)
insert into PLAYLIST_TAG(FK_PLAYLISTS, FK_TAG) values(10,12)
insert into PLAYLIST_TAG(FK_PLAYLISTS, FK_TAG) values(10,13)
insert into PLAYLIST_TAG(FK_PLAYLISTS, FK_TAG) values(11,16)
insert into PLAYLIST_TAG(FK_PLAYLISTS, FK_TAG) values(11,14)
insert into PLAYLIST_TAG(FK_PLAYLISTS, FK_TAG) values(5,5)
insert into PLAYLIST_TAG(FK_PLAYLISTS, FK_TAG) values(9,9)


